-- Insert into tables with no foreign key dependencies first
-- Insert into Account_Settings
INSERT INTO public."Account_Settings" ("Setting_ID", "Account_ID", "Avatar", "Theme")
VALUES
('a1b2c3d4-e5f6-7890-abcd-123456789001', 'b2c3d4e5-f6a7-8901-bcde-234567890001', 'https://example.com/avatar1.png', 'light'),
('a1b2c3d4-e5f6-7890-abcd-123456789002', 'b2c3d4e5-f6a7-8901-bcde-234567890002', 'https://example.com/avatar2.png', 'dark'),
('a1b2c3d4-e5f6-7890-abcd-123456789003', 'b2c3d4e5-f6a7-8901-bcde-234567890003', NULL, 'light'),
('a1b2c3d4-e5f6-7890-abcd-123456789004', 'b2c3d4e5-f6a7-8901-bcde-234567890004', 'https://example.com/avatar4.png', 'dark'),
('a1b2c3d4-e5f6-7890-abcd-123456789005', 'b2c3d4e5-f6a7-8901-bcde-234567890005', NULL, 'light'),
('a1b2c3d4-e5f6-7890-abcd-123456789006', 'b2c3d4e5-f6a7-8901-bcde-234567890006', 'https://example.com/avatar6.png', 'dark'),
('a1b2c3d4-e5f6-7890-abcd-123456789007', 'b2c3d4e5-f6a7-8901-bcde-234567890007', NULL, 'light'),
('a1b2c3d4-e5f6-7890-abcd-123456789008', 'b2c3d4e5-f6a7-8901-bcde-234567890008', 'https://example.com/avatar8.png', 'dark'),
('a1b2c3d4-e5f6-7890-abcd-123456789009', 'b2c3d4e5-f6a7-8901-bcde-234567890009', NULL, 'light'),
('a1b2c3d4-e5f6-7890-abcd-123456789010', 'b2c3d4e5-f6a7-8901-bcde-234567890010', 'https://example.com/avatar10.png', 'dark'),
('a1b2c3d4-e5f6-7890-abcd-123456789011', 'b2c3d4e5-f6a7-8901-bcde-234567890011', NULL, 'light'),
('a1b2c3d4-e5f6-7890-abcd-123456789012', 'b2c3d4e5-f6a7-8901-bcde-234567890012', 'https://example.com/avatar12.png', 'dark'),
('a1b2c3d4-e5f6-7890-abcd-123456789013', 'b2c3d4e5-f6a7-8901-bcde-234567890013', NULL, 'light'),
('a1b2c3d4-e5f6-7890-abcd-123456789014', 'b2c3d4e5-f6a7-8901-bcde-234567890014', 'https://example.com/avatar14.png', 'dark'),
('a1b2c3d4-e5f6-7890-abcd-123456789015', 'b2c3d4e5-f6a7-8901-bcde-234567890015', NULL, 'light'),
('a1b2c3d4-e5f6-7890-abcd-123456789016', 'b2c3d4e5-f6a7-8901-bcde-234567890016', 'https://example.com/avatar16.png', 'dark'),
('a1b2c3d4-e5f6-7890-abcd-123456789017', 'b2c3d4e5-f6a7-8901-bcde-234567890017', NULL, 'light'),
('a1b2c3d4-e5f6-7890-abcd-123456789018', 'b2c3d4e5-f6a7-8901-bcde-234567890018', 'https://example.com/avatar18.png', 'dark'),
('a1b2c3d4-e5f6-7890-abcd-123456789019', 'b2c3d4e5-f6a7-8901-bcde-234567890019', NULL, 'light'),
('a1b2c3d4-e5f6-7890-abcd-123456789020', 'b2c3d4e5-f6a7-8901-bcde-234567890020', 'https://example.com/avatar20.png', 'dark');

-- Insert into Users (depends on Account_Settings)
INSERT INTO public."Users" ("User_ID", "Account_ID", "Last_Name", "First_Name", "Middle_Name", "Birth_Date", "Registration_Date", "Login", "Password", "Phone")
VALUES
('c3d4e5f6-a7b8-9012-cdef-345678900001', 'b2c3d4e5-f6a7-8901-bcde-234567890001', 'Иванов', 'Иван', 'Иванович', '1990-01-01', '2025-01-01', 'ivanov1', 'hashed_password1', '+79991234501'),
('c3d4e5f6-a7b8-9012-cdef-345678900002', 'b2c3d4e5-f6a7-8901-bcde-234567890002', 'Петров', 'Петр', 'Петрович', '1991-02-02', '2025-01-02', 'petrov2', 'hashed_password2', '+79991234502'),
('c3d4e5f6-a7b8-9012-cdef-345678900003', 'b2c3d4e5-f6a7-8901-bcde-234567890003', 'Сидоров', 'Сидор', NULL, '1992-03-03', '2025-01-03', 'sidorov3', 'hashed_password3', '+79991234503'),
('c3d4e5f6-a7b8-9012-cdef-345678900004', 'b2c3d4e5-f6a7-8901-bcde-234567890004', 'Смирнов', 'Алексей', 'Алексеевич', '1993-04-04', '2025-01-04', 'smirnov4', 'hashed_password4', '+79991234504'),
('c3d4e5f6-a7b8-9012-cdef-345678900005', 'b2c3d4e5-f6a7-8901-bcde-234567890005', 'Кузнецов', 'Михаил', NULL, '1994-05-05', '2025-01-05', 'kuznetsov5', 'hashed_password5', '+79991234505'),
('c3d4e5f6-a7b8-9012-cdef-345678900006', 'b2c3d4e5-f6a7-8901-bcde-234567890006', 'Попов', 'Андрей', 'Андреевич', '1995-06-06', '2025-01-06', 'popov6', 'hashed_password6', '+79991234506'),
('c3d4e5f6-a7b8-9012-cdef-345678900007', 'b2c3d4e5-f6a7-8901-bcde-234567890007', 'Васильев', 'Василий', NULL, '1996-07-07', '2025-01-07', 'vasiliev7', 'hashed_password7', '+79991234507'),
('c3d4e5f6-a7b8-9012-cdef-345678900008', 'b2c3d4e5-f6a7-8901-bcde-234567890008', 'Морозов', 'Дмитрий', 'Дмитриевич', '1997-08-08', '2025-01-08', 'morozov8', 'hashed_password8', '+79991234508'),
('c3d4e5f6-a7b8-9012-cdef-345678900009', 'b2c3d4e5-f6a7-8901-bcde-234567890009', 'Новиков', 'Сергей', NULL, '1998-09-09', '2025-01-09', 'novikov9', 'hashed_password9', '+79991234509'),
('c3d4e5f6-a7b8-9012-cdef-345678900010', 'b2c3d4e5-f6a7-8901-bcde-234567890010', 'Федоров', 'Федор', 'Федорович', '1999-10-10', '2025-01-10', 'fedorov10', 'hashed_password10', '+79991234510'),
('c3d4e5f6-a7b8-9012-cdef-345678900011', 'b2c3d4e5-f6a7-8901-bcde-234567890011', 'Михайлов', 'Михаил', NULL, '1990-11-11', '2025-01-11', 'mikhailov11', 'hashed_password11', '+79991234511'),
('c3d4e5f6-a7b8-9012-cdef-345678900012', 'b2c3d4e5-f6a7-8901-bcde-234567890012', 'Беляев', 'Александр', 'Александрович', '1991-12-12', '2025-01-12', 'belyaev12', 'hashed_password12', '+79991234512'),
('c3d4e5f6-a7b8-9012-cdef-345678900013', 'b2c3d4e5-f6a7-8901-bcde-234567890013', 'Тарасов', 'Игорь', NULL, '1992-01-13', '2025-01-13', 'tarasov13', 'hashed_password13', '+79991234513'),
('c3d4e5f6-a7b8-9012-cdef-345678900014', 'b2c3d4e5-f6a7-8901-bcde-234567890014', 'Белов', 'Виктор', 'Викторович', '1993-02-14', '2025-01-14', 'belov14', 'hashed_password14', '+79991234514'),
('c3d4e5f6-a7b8-9012-cdef-345678900015', 'b2c3d4e5-f6a7-8901-bcde-234567890015', 'Комаров', 'Евгений', NULL, '1994-03-15', '2025-01-15', 'komarov15', 'hashed_password15', '+79991234515'),
('c3d4e5f6-a7b8-9012-cdef-345678900016', 'b2c3d4e5-f6a7-8901-bcde-234567890016', 'Орлов', 'Олег', 'Олегович', '1995-04-16', '2025-01-16', 'orlov16', 'hashed_password16', '+79991234516'),
('c3d4e5f6-a7b8-9012-cdef-345678900017', 'b2c3d4e5-f6a7-8901-bcde-234567890017', 'Киселев', 'Артем', NULL, '1996-05-17', '2025-01-17', 'kiselev17', 'hashed_password17', '+79991234517'),
('c3d4e5f6-a7b8-9012-cdef-345678900018', 'b2c3d4e5-f6a7-8901-bcde-234567890018', 'Макаров', 'Юрий', 'Юрьевич', '1997-06-18', '2025-01-18', 'makarov18', 'hashed_password18', '+79991234518'),
('c3d4e5f6-a7b8-9012-cdef-345678900019', 'b2c3d4e5-f6a7-8901-bcde-234567890019', 'Андреев', 'Владимир', NULL, '1998-07-19', '2025-01-19', 'andreev19', 'hashed_password19', '+79991234519'),
('c3d4e5f6-a7b8-9012-cdef-345678900020', 'b2c3d4e5-f6a7-8901-bcde-234567890020', 'Ковалев', 'Николай', 'Николаевич', '1999-08-20', '2025-01-20', 'kovalev20', 'hashed_password20', '+79991234520');

-- Insert into Logins (depends on Users)
INSERT INTO public."Logins" ("Login_ID", "User_ID", "Token", "IP_Address", "Login_Time", "Logout_Time", "Active")
VALUES
('d4e5f6a7-b8c9-0123-def0-456789000001', 'c3d4e5f6-a7b8-9012-cdef-345678900001', 'token_001', '192.168.1.1', '2025-09-01 10:00:00', NULL, true),
('d4e5f6a7-b8c9-0123-def0-456789000002', 'c3d4e5f6-a7b8-9012-cdef-345678900002', 'token_002', '192.168.1.2', '2025-09-01 10:01:00', '2025-09-01 10:30:00', false),
('d4e5f6a7-b8c9-0123-def0-456789000003', 'c3d4e5f6-a7b8-9012-cdef-345678900003', 'token_003', '192.168.1.3', '2025-09-01 10:02:00', NULL, true),
('d4e5f6a7-b8c9-0123-def0-456789000004', 'c3d4e5f6-a7b8-9012-cdef-345678900004', 'token_004', '192.168.1.4', '2025-09-01 10:03:00', NULL, true),
('d4e5f6a7-b8c9-0123-def0-456789000005', 'c3d4e5f6-a7b8-9012-cdef-345678900005', 'token_005', '192.168.1.5', '2025-09-01 10:04:00', '2025-09-01 10:40:00', false),
('d4e5f6a7-b8c9-0123-def0-456789000006', 'c3d4e5f6-a7b8-9012-cdef-345678900006', 'token_006', '192.168.1.6', '2025-09-01 10:05:00', NULL, true),
('d4e5f6a7-b8c9-0123-def0-456789000007', 'c3d4e5f6-a7b8-9012-cdef-345678900007', 'token_007', '192.168.1.7', '2025-09-01 10:06:00', NULL, true),
('d4e5f6a7-b8c9-0123-def0-456789000008', 'c3d4e5f6-a7b8-9012-cdef-345678900008', 'token_008', '192.168.1.8', '2025-09-01 10:07:00', '2025-09-01 10:50:00', false),
('d4e5f6a7-b8c9-0123-def0-456789000009', 'c3d4e5f6-a7b8-9012-cdef-345678900009', 'token_009', '192.168.1.9', '2025-09-01 10:08:00', NULL, true),
('d4e5f6a7-b8c9-0123-def0-456789000010', 'c3d4e5f6-a7b8-9012-cdef-345678900010', 'token_010', '192.168.1.10', '2025-09-01 10:09:00', NULL, true),
('d4e5f6a7-b8c9-0123-def0-456789000011', 'c3d4e5f6-a7b8-9012-cdef-345678900011', 'token_011', '192.168.1.11', '2025-09-01 10:10:00', '2025-09-01 11:00:00', false),
('d4e5f6a7-b8c9-0123-def0-456789000012', 'c3d4e5f6-a7b8-9012-cdef-345678900012', 'token_012', '192.168.1.12', '2025-09-01 10:11:00', NULL, true),
('d4e5f6a7-b8c9-0123-def0-456789000013', 'c3d4e5f6-a7b8-9012-cdef-345678900013', 'token_013', '192.168.1.13', '2025-09-01 10:12:00', NULL, true),
('d4e5f6a7-b8c9-0123-def0-456789000014', 'c3d4e5f6-a7b8-9012-cdef-345678900014', 'token_014', '192.168.1.14', '2025-09-01 10:13:00', '2025-09-01 11:10:00', false),
('d4e5f6a7-b8c9-0123-def0-456789000015', 'c3d4e5f6-a7b8-9012-cdef-345678900015', 'token_015', '192.168.1.15', '2025-09-01 10:14:00', NULL, true),
('d4e5f6a7-b8c9-0123-def0-456789000016', 'c3d4e5f6-a7b8-9012-cdef-345678900016', 'token_016', '192.168.1.16', '2025-09-01 10:15:00', NULL, true),
('d4e5f6a7-b8c9-0123-def0-456789000017', 'c3d4e5f6-a7b8-9012-cdef-345678900017', 'token_017', '192.168.1.17', '2025-09-01 10:16:00', '2025-09-01 11:20:00', false),
('d4e5f6a7-b8c9-0123-def0-456789000018', 'c3d4e5f6-a7b8-9012-cdef-345678900018', 'token_018', '192.168.1.18', '2025-09-01 10:17:00', NULL, true),
('d4e5f6a7-b8c9-0123-def0-456789000019', 'c3d4e5f6-a7b8-9012-cdef-345678900019', 'token_019', '192.168.1.19', '2025-09-01 10:18:00', NULL, true),
('d4e5f6a7-b8c9-0123-def0-456789000020', 'c3d4e5f6-a7b8-9012-cdef-345678900020', 'token_020', '192.168.1.20', '2025-09-01 10:19:00', '2025-09-01 11:30:00', false);

-- Insert into User_Statuses (depends on Users)
INSERT INTO public."User_Statuses" ("User_ID", "Online", "Last_Activity")
VALUES
('c3d4e5f6-a7b8-9012-cdef-345678900001', true, '2025-09-01 10:00:00'),
('c3d4e5f6-a7b8-9012-cdef-345678900002', false, '2025-09-01 10:30:00'),
('c3d4e5f6-a7b8-9012-cdef-345678900003', true, '2025-09-01 10:02:00'),
('c3d4e5f6-a7b8-9012-cdef-345678900004', true, '2025-09-01 10:03:00'),
('c3d4e5f6-a7b8-9012-cdef-345678900005', false, '2025-09-01 10:40:00'),
('c3d4e5f6-a7b8-9012-cdef-345678900006', true, '2025-09-01 10:05:00'),
('c3d4e5f6-a7b8-9012-cdef-345678900007', true, '2025-09-01 10:06:00'),
('c3d4e5f6-a7b8-9012-cdef-345678900008', false, '2025-09-01 10:50:00'),
('c3d4e5f6-a7b8-9012-cdef-345678900009', true, '2025-09-01 10:08:00'),
('c3d4e5f6-a7b8-9012-cdef-345678900010', true, '2025-09-01 10:09:00'),
('c3d4e5f6-a7b8-9012-cdef-345678900011', false, '2025-09-01 11:00:00'),
('c3d4e5f6-a7b8-9012-cdef-345678900012', true, '2025-09-01 10:11:00'),
('c3d4e5f6-a7b8-9012-cdef-345678900013', true, '2025-09-01 10:12:00'),
('c3d4e5f6-a7b8-9012-cdef-345678900014', false, '2025-09-01 11:10:00'),
('c3d4e5f6-a7b8-9012-cdef-345678900015', true, '2025-09-01 10:14:00'),
('c3d4e5f6-a7b8-9012-cdef-345678900016', true, '2025-09-01 10:15:00'),
('c3d4e5f6-a7b8-9012-cdef-345678900017', false, '2025-09-01 11:20:00'),
('c3d4e5f6-a7b8-9012-cdef-345678900018', true, '2025-09-01 10:17:00'),
('c3d4e5f6-a7b8-9012-cdef-345678900019', true, '2025-09-01 10:18:00'),
('c3d4e5f6-a7b8-9012-cdef-345678900020', false, '2025-09-01 11:30:00');

-- Insert into Notifications (depends on Users)
INSERT INTO public."Notifications" ("Notification_ID", "User_ID", "Text", "Creation_Date", "Read")
VALUES
('e5f6a7b8-c9d0-1234-ef01-567890000001', 'c3d4e5f6-a7b8-9012-cdef-345678900001', 'Новое сообщение в чате', '2025-09-01 10:00:00', false),
('e5f6a7b8-c9d0-1234-ef01-567890000002', 'c3d4e5f6-a7b8-9012-cdef-345678900002', 'Вас добавили в чат', '2025-09-01 10:01:00', true),
('e5f6a7b8-c9d0-1234-ef01-567890000003', 'c3d4e5f6-a7b8-9012-cdef-345678900003', 'Реакция на ваше сообщение', '2025-09-01 10:02:00', false),
('e5f6a7b8-c9d0-1234-ef01-567890000004', 'c3d4e5f6-a7b8-9012-cdef-345678900004', 'Новое сообщение в чате', '2025-09-01 10:03:00', false),
('e5f6a7b8-c9d0-1234-ef01-567890000005', 'c3d4e5f6-a7b8-9012-cdef-345678900005', 'Вас добавили в чат', '2025-09-01 10:04:00', true),
('e5f6a7b8-c9d0-1234-ef01-567890000006', 'c3d4e5f6-a7b8-9012-cdef-345678900006', 'Реакция на ваше сообщение', '2025-09-01 10:05:00', false),
('e5f6a7b8-c9d0-1234-ef01-567890000007', 'c3d4e5f6-a7b8-9012-cdef-345678900007', 'Новое сообщение в чате', '2025-09-01 10:06:00', false),
('e5f6a7b8-c9d0-1234-ef01-567890000008', 'c3d4e5f6-a7b8-9012-cdef-345678900008', 'Вас добавили в чат', '2025-09-01 10:07:00', true),
('e5f6a7b8-c9d0-1234-ef01-567890000009', 'c3d4e5f6-a7b8-9012-cdef-345678900009', 'Реакция на ваше сообщение', '2025-09-01 10:08:00', false),
('e5f6a7b8-c9d0-1234-ef01-567890000010', 'c3d4e5f6-a7b8-9012-cdef-345678900010', 'Новое сообщение в чате', '2025-09-01 10:09:00', false),
('e5f6a7b8-c9d0-1234-ef01-567890000011', 'c3d4e5f6-a7b8-9012-cdef-345678900011', 'Вас добавили в чат', '2025-09-01 10:10:00', true),
('e5f6a7b8-c9d0-1234-ef01-567890000012', 'c3d4e5f6-a7b8-9012-cdef-345678900012', 'Реакция на ваше сообщение', '2025-09-01 10:11:00', false),
('e5f6a7b8-c9d0-1234-ef01-567890000013', 'c3d4e5f6-a7b8-9012-cdef-345678900013', 'Новое сообщение в чате', '2025-09-01 10:12:00', false),
('e5f6a7b8-c9d0-1234-ef01-567890000014', 'c3d4e5f6-a7b8-9012-cdef-345678900014', 'Вас добавили в чат', '2025-09-01 10:13:00', true),
('e5f6a7b8-c9d0-1234-ef01-567890000015', 'c3d4e5f6-a7b8-9012-cdef-345678900015', 'Реакция на ваше сообщение', '2025-09-01 10:14:00', false),
('e5f6a7b8-c9d0-1234-ef01-567890000016', 'c3d4e5f6-a7b8-9012-cdef-345678900016', 'Новое сообщение в чате', '2025-09-01 10:15:00', false),
('e5f6a7b8-c9d0-1234-ef01-567890000017', 'c3d4e5f6-a7b8-9012-cdef-345678900017', 'Вас добавили в чат', '2025-09-01 10:16:00', true),
('e5f6a7b8-c9d0-1234-ef01-567890000018', 'c3d4e5f6-a7b8-9012-cdef-345678900018', 'Реакция на ваше сообщение', '2025-09-01 10:17:00', false),
('e5f6a7b8-c9d0-1234-ef01-567890000019', 'c3d4e5f6-a7b8-9012-cdef-345678900019', 'Новое сообщение в чате', '2025-09-01 10:18:00', false),
('e5f6a7b8-c9d0-1234-ef01-567890000020', 'c3d4e5f6-a7b8-9012-cdef-345678900020', 'Вас добавили в чат', '2025-09-01 10:19:00', true);

-- Insert into Blacklist (depends on Users)
INSERT INTO public."Blacklist" ("User_ID", "Blocked_User_ID", "Block_Date")
VALUES
('c3d4e5f6-a7b8-9012-cdef-345678900001', 'c3d4e5f6-a7b8-9012-cdef-345678900002', '2025-09-01 10:00:00'),
('c3d4e5f6-a7b8-9012-cdef-345678900002', 'c3d4e5f6-a7b8-9012-cdef-345678900003', '2025-09-01 10:01:00'),
('c3d4e5f6-a7b8-9012-cdef-345678900003', 'c3d4e5f6-a7b8-9012-cdef-345678900004', '2025-09-01 10:02:00'),
('c3d4e5f6-a7b8-9012-cdef-345678900004', 'c3d4e5f6-a7b8-9012-cdef-345678900005', '2025-09-01 10:03:00'),
('c3d4e5f6-a7b8-9012-cdef-345678900005', 'c3d4e5f6-a7b8-9012-cdef-345678900006', '2025-09-01 10:04:00'),
('c3d4e5f6-a7b8-9012-cdef-345678900006', 'c3d4e5f6-a7b8-9012-cdef-345678900007', '2025-09-01 10:05:00'),
('c3d4e5f6-a7b8-9012-cdef-345678900007', 'c3d4e5f6-a7b8-9012-cdef-345678900008', '2025-09-01 10:06:00'),
('c3d4e5f6-a7b8-9012-cdef-345678900008', 'c3d4e5f6-a7b8-9012-cdef-345678900009', '2025-09-01 10:07:00'),
('c3d4e5f6-a7b8-9012-cdef-345678900009', 'c3d4e5f6-a7b8-9012-cdef-345678900010', '2025-09-01 10:08:00'),
('c3d4e5f6-a7b8-9012-cdef-345678900010', 'c3d4e5f6-a7b8-9012-cdef-345678900011', '2025-09-01 10:09:00'),
('c3d4e5f6-a7b8-9012-cdef-345678900011', 'c3d4e5f6-a7b8-9012-cdef-345678900012', '2025-09-01 10:10:00'),
('c3d4e5f6-a7b8-9012-cdef-345678900012', 'c3d4e5f6-a7b8-9012-cdef-345678900013', '2025-09-01 10:11:00'),
('c3d4e5f6-a7b8-9012-cdef-345678900013', 'c3d4e5f6-a7b8-9012-cdef-345678900014', '2025-09-01 10:12:00'),
('c3d4e5f6-a7b8-9012-cdef-345678900014', 'c3d4e5f6-a7b8-9012-cdef-345678900015', '2025-09-01 10:13:00'),
('c3d4e5f6-a7b8-9012-cdef-345678900015', 'c3d4e5f6-a7b8-9012-cdef-345678900016', '2025-09-01 10:14:00'),
('c3d4e5f6-a7b8-9012-cdef-345678900016', 'c3d4e5f6-a7b8-9012-cdef-345678900017', '2025-09-01 10:15:00'),
('c3d4e5f6-a7b8-9012-cdef-345678900017', 'c3d4e5f6-a7b8-9012-cdef-345678900018', '2025-09-01 10:16:00'),
('c3d4e5f6-a7b8-9012-cdef-345678900018', 'c3d4e5f6-a7b8-9012-cdef-345678900019', '2025-09-01 10:17:00'),
('c3d4e5f6-a7b8-9012-cdef-345678900019', 'c3d4e5f6-a7b8-9012-cdef-345678900020', '2025-09-01 10:18:00'),
('c3d4e5f6-a7b8-9012-cdef-345678900020', 'c3d4e5f6-a7b8-9012-cdef-345678900001', '2025-09-01 10:19:00');

-- Insert into Chats (depends on Users)
INSERT INTO public."Chats" ("Chat_ID", "Name", "Type", "User_ID", "Creation_Date")
VALUES
('f6a7b8c9-d0e1-2345-f012-678900000001', 'Общий чат 1', 'group', 'c3d4e5f6-a7b8-9012-cdef-345678900001', '2025-09-01 10:00:00'),
('f6a7b8c9-d0e1-2345-f012-678900000002', 'Личный чат 1', 'private', 'c3d4e5f6-a7b8-9012-cdef-345678900002', '2025-09-01 10:01:00'),
('f6a7b8c9-d0e1-2345-f012-678900000003', 'Общий чат 2', 'group', 'c3d4e5f6-a7b8-9012-cdef-345678900003', '2025-09-01 10:02:00'),
('f6a7b8c9-d0e1-2345-f012-678900000004', 'Личный чат 2', 'private', 'c3d4e5f6-a7b8-9012-cdef-345678900004', '2025-09-01 10:03:00'),
('f6a7b8c9-d0e1-2345-f012-678900000005', 'Общий чат 3', 'group', 'c3d4e5f6-a7b8-9012-cdef-345678900005', '2025-09-01 10:04:00'),
('f6a7b8c9-d0e1-2345-f012-678900000006', 'Личный чат 3', 'private', 'c3d4e5f6-a7b8-9012-cdef-345678900006', '2025-09-01 10:05:00'),
('f6a7b8c9-d0e1-2345-f012-678900000007', 'Общий чат 4', 'group', 'c3d4e5f6-a7b8-9012-cdef-345678900007', '2025-09-01 10:06:00'),
('f6a7b8c9-d0e1-2345-f012-678900000008', 'Личный чат 4', 'private', 'c3d4e5f6-a7b8-9012-cdef-345678900008', '2025-09-01 10:07:00'),
('f6a7b8c9-d0e1-2345-f012-678900000009', 'Общий чат 5', 'group', 'c3d4e5f6-a7b8-9012-cdef-345678900009', '2025-09-01 10:08:00'),
('f6a7b8c9-d0e1-2345-f012-678900000010', 'Личный чат 5', 'private', 'c3d4e5f6-a7b8-9012-cdef-345678900010', '2025-09-01 10:09:00'),
('f6a7b8c9-d0e1-2345-f012-678900000011', 'Общий чат 6', 'group', 'c3d4e5f6-a7b8-9012-cdef-345678900011', '2025-09-01 10:10:00'),
('f6a7b8c9-d0e1-2345-f012-678900000012', 'Личный чат 6', 'private', 'c3d4e5f6-a7b8-9012-cdef-345678900012', '2025-09-01 10:11:00'),
('f6a7b8c9-d0e1-2345-f012-678900000013', 'Общий чат 7', 'group', 'c3d4e5f6-a7b8-9012-cdef-345678900013', '2025-09-01 10:12:00'),
('f6a7b8c9-d0e1-2345-f012-678900000014', 'Личный чат 7', 'private', 'c3d4e5f6-a7b8-9012-cdef-345678900014', '2025-09-01 10:13:00'),
('f6a7b8c9-d0e1-2345-f012-678900000015', 'Общий чат 8', 'group', 'c3d4e5f6-a7b8-9012-cdef-345678900015', '2025-09-01 10:14:00'),
('f6a7b8c9-d0e1-2345-f012-678900000016', 'Личный чат 8', 'private', 'c3d4e5f6-a7b8-9012-cdef-345678900016', '2025-09-01 10:15:00'),
('f6a7b8c9-d0e1-2345-f012-678900000017', 'Общий чат 9', 'group', 'c3d4e5f6-a7b8-9012-cdef-345678900017', '2025-09-01 10:16:00'),
('f6a7b8c9-d0e1-2345-f012-678900000018', 'Личный чат 9', 'private', 'c3d4e5f6-a7b8-9012-cdef-345678900018', '2025-09-01 10:17:00'),
('f6a7b8c9-d0e1-2345-f012-678900000019', 'Общий чат 10', 'group', 'c3d4e5f6-a7b8-9012-cdef-345678900019', '2025-09-01 10:18:00'),
('f6a7b8c9-d0e1-2345-f012-678900000020', 'Личный чат 10', 'private', 'c3d4e5f6-a7b8-9012-cdef-345678900020', '2025-09-01 10:19:00');

-- Insert into Chat_Participants (depends on Users and Chats)
INSERT INTO public."Chat_Participants" ("Chat_ID", "User_ID", "Role", "Join_Date")
VALUES
('f6a7b8c9-d0e1-2345-f012-678900000001', 'c3d4e5f6-a7b8-9012-cdef-345678900001', 'admin', '2025-09-01 10:00:00'),
('f6a7b8c9-d0e1-2345-f012-678900000001', 'c3d4e5f6-a7b8-9012-cdef-345678900002', 'участник', '2025-09-01 10:01:00'),
('f6a7b8c9-d0e1-2345-f012-678900000002', 'c3d4e5f6-a7b8-9012-cdef-345678900002', 'участник', '2025-09-01 10:02:00'),
('f6a7b8c9-d0e1-2345-f012-678900000002', 'c3d4e5f6-a7b8-9012-cdef-345678900003', 'участник', '2025-09-01 10:03:00'),
('f6a7b8c9-d0e1-2345-f012-678900000003', 'c3d4e5f6-a7b8-9012-cdef-345678900003', 'admin', '2025-09-01 10:04:00'),
('f6a7b8c9-d0e1-2345-f012-678900000003', 'c3d4e5f6-a7b8-9012-cdef-345678900004', 'участник', '2025-09-01 10:05:00'),
('f6a7b8c9-d0e1-2345-f012-678900000004', 'c3d4e5f6-a7b8-9012-cdef-345678900004', 'участник', '2025-09-01 10:06:00'),
('f6a7b8c9-d0e1-2345-f012-678900000004', 'c3d4e5f6-a7b8-9012-cdef-345678900005', 'участник', '2025-09-01 10:07:00'),
('f6a7b8c9-d0e1-2345-f012-678900000005', 'c3d4e5f6-a7b8-9012-cdef-345678900005', 'admin', '2025-09-01 10:08:00'),
('f6a7b8c9-d0e1-2345-f012-678900000005', 'c3d4e5f6-a7b8-9012-cdef-345678900006', 'участник', '2025-09-01 10:09:00'),
('f6a7b8c9-d0e1-2345-f012-678900000006', 'c3d4e5f6-a7b8-9012-cdef-345678900006', 'участник', '2025-09-01 10:10:00'),
('f6a7b8c9-d0e1-2345-f012-678900000006', 'c3d4e5f6-a7b8-9012-cdef-345678900007', 'участник', '2025-09-01 10:11:00'),
('f6a7b8c9-d0e1-2345-f012-678900000007', 'c3d4e5f6-a7b8-9012-cdef-345678900007', 'admin', '2025-09-01 10:12:00'),
('f6a7b8c9-d0e1-2345-f012-678900000007', 'c3d4e5f6-a7b8-9012-cdef-345678900008', 'участник', '2025-09-01 10:13:00'),
('f6a7b8c9-d0e1-2345-f012-678900000008', 'c3d4e5f6-a7b8-9012-cdef-345678900008', 'участник', '2025-09-01 10:14:00'),
('f6a7b8c9-d0e1-2345-f012-678900000008', 'c3d4e5f6-a7b8-9012-cdef-345678900009', 'участник', '2025-09-01 10:15:00'),
('f6a7b8c9-d0e1-2345-f012-678900000009', 'c3d4e5f6-a7b8-9012-cdef-345678900009', 'admin', '2025-09-01 10:16:00'),
('f6a7b8c9-d0e1-2345-f012-678900000009', 'c3d4e5f6-a7b8-9012-cdef-345678900010', 'участник', '2025-09-01 10:17:00'),
('f6a7b8c9-d0e1-2345-f012-678900000010', 'c3d4e5f6-a7b8-9012-cdef-345678900010', 'участник', '2025-09-01 10:18:00'),
('f6a7b8c9-d0e1-2345-f012-678900000010', 'c3d4e5f6-a7b8-9012-cdef-345678900011', 'участник', '2025-09-01 10:19:00');

-- Insert into Messages (depends on Users and Chats)
INSERT INTO public."Messages" ("Message_ID", "Sender_ID", "Recipient_ID", "Chat_ID", "Message_Text", "Has_Attachments", "Send_Time")
VALUES
('a7b8c9d0-e1f2-3456-0123-789000000001', 'c3d4e5f6-a7b8-9012-cdef-345678900001', 'c3d4e5f6-a7b8-9012-cdef-345678900002', 'f6a7b8c9-d0e1-2345-f012-678900000001', 'Привет, как дела?', false, '2025-09-01 10:00:00'),
('a7b8c9d0-e1f2-3456-0123-789000000002', 'c3d4e5f6-a7b8-9012-cdef-345678900002', 'c3d4e5f6-a7b8-9012-cdef-345678900001', 'f6a7b8c9-d0e1-2345-f012-678900000001', 'Отлично, а у тебя?', false, '2025-09-01 10:01:00'),
('a7b8c9d0-e1f2-3456-0123-789000000003', 'c3d4e5f6-a7b8-9012-cdef-345678900003', 'c3d4e5f6-a7b8-9012-cdef-345678900004', 'f6a7b8c9-d0e1-2345-f012-678900000002', 'Проверил проект?', false, '2025-09-01 10:02:00'),
('a7b8c9d0-e1f2-3456-0123-789000000004', 'c3d4e5f6-a7b8-9012-cdef-345678900004', 'c3d4e5f6-a7b8-9012-cdef-345678900003', 'f6a7b8c9-d0e1-2345-f012-678900000002', 'Да, все готово!', false, '2025-09-01 10:03:00'),
('a7b8c9d0-e1f2-3456-0123-789000000005', 'c3d4e5f6-a7b8-9012-cdef-345678900005', 'c3d4e5f6-a7b8-9012-cdef-345678900006', 'f6a7b8c9-d0e1-2345-f012-678900000003', 'Встреча в 15:00', false, '2025-09-01 10:04:00'),
('a7b8c9d0-e1f2-3456-0123-789000000006', 'c3d4e5f6-a7b8-9012-cdef-345678900006', 'c3d4e5f6-a7b8-9012-cdef-345678900005', 'f6a7b8c9-d0e1-2345-f012-678900000003', 'Ок, буду!', false, '2025-09-01 10:05:00'),
('a7b8c9d0-e1f2-3456-0123-789000000007', 'c3d4e5f6-a7b8-9012-cdef-345678900007', 'c3d4e5f6-a7b8-9012-cdef-345678900008', 'f6a7b8c9-d0e1-2345-f012-678900000004', 'Отправил файл', true, '2025-09-01 10:06:00'),
('a7b8c9d0-e1f2-3456-0123-789000000008', 'c3d4e5f6-a7b8-9012-cdef-345678900008', 'c3d4e5f6-a7b8-9012-cdef-345678900007', 'f6a7b8c9-d0e1-2345-f012-678900000004', 'Получил, спасибо', false, '2025-09-01 10:07:00'),
('a7b8c9d0-e1f2-3456-0123-789000000009', 'c3d4e5f6-a7b8-9012-cdef-345678900009', 'c3d4e5f6-a7b8-9012-cdef-345678900010', 'f6a7b8c9-d0e1-2345-f012-678900000005', 'Есть идеи?', false, '2025-09-01 10:08:00'),
('a7b8c9d0-e1f2-3456-0123-789000000010', 'c3d4e5f6-a7b8-9012-cdef-345678900010', 'c3d4e5f6-a7b8-9012-cdef-345678900009', 'f6a7b8c9-d0e1-2345-f012-678900000005', 'Да, обсудим вечером', false, '2025-09-01 10:09:00'),
('a7b8c9d0-e1f2-3456-0123-789000000011', 'c3d4e5f6-a7b8-9012-cdef-345678900011', 'c3d4e5f6-a7b8-9012-cdef-345678900012', 'f6a7b8c9-d0e1-2345-f012-678900000006', 'Готово?', false, '2025-09-01 10:10:00'),
('a7b8c9d0-e1f2-3456-0123-789000000012', 'c3d4e5f6-a7b8-9012-cdef-345678900012', 'c3d4e5f6-a7b8-9012-cdef-345678900011', 'f6a7b8c9-d0e1-2345-f012-678900000006', 'Почти, еще пара часов', false, '2025-09-01 10:11:00'),
('a7b8c9d0-e1f2-3456-0123-789000000013', 'c3d4e5f6-a7b8-9012-cdef-345678900013', 'c3d4e5f6-a7b8-9012-cdef-345678900014', 'f6a7b8c9-d0e1-2345-f012-678900000007', 'Скинь отчет', true, '2025-09-01 10:12:00'),
('a7b8c9d0-e1f2-3456-0123-789000000014', 'c3d4e5f6-a7b8-9012-cdef-345678900014', 'c3d4e5f6-a7b8-9012-cdef-345678900013', 'f6a7b8c9-d0e1-2345-f012-678900000007', 'Уже в пути', false, '2025-09-01 10:13:00'),
('a7b8c9d0-e1f2-3456-0123-789000000015', 'c3d4e5f6-a7b8-9012-cdef-345678900015', 'c3d4e5f6-a7b8-9012-cdef-345678900016', 'f6a7b8c9-d0e1-2345-f012-678900000008', 'Позвони мне', false, '2025-09-01 10:14:00'),
('a7b8c9d0-e1f2-3456-0123-789000000016', 'c3d4e5f6-a7b8-9012-cdef-345678900016', 'c3d4e5f6-a7b8-9012-cdef-345678900015', 'f6a7b8c9-d0e1-2345-f012-678900000008', 'Ок, через 5 минут', false, '2025-09-01 10:15:00'),
('a7b8c9d0-e1f2-3456-0123-789000000017', 'c3d4e5f6-a7b8-9012-cdef-345678900017', 'c3d4e5f6-a7b8-9012-cdef-345678900018', 'f6a7b8c9-d0e1-2345-f012-678900000009', 'Проверь почту', false, '2025-09-01 10:16:00'),
('a7b8c9d0-e1f2-3456-0123-789000000018', 'c3d4e5f6-a7b8-9012-cdef-345678900018', 'c3d4e5f6-a7b8-9012-cdef-345678900017', 'f6a7b8c9-d0e1-2345-f012-678900000009', 'Уже проверяю', false, '2025-09-01 10:17:00'),
('a7b8c9d0-e1f2-3456-0123-789000000019', 'c3d4e5f6-a7b8-9012-cdef-345678900019', 'c3d4e5f6-a7b8-9012-cdef-345678900020', 'f6a7b8c9-d0e1-2345-f012-678900000010', 'Где ты?', false, '2025-09-01 10:18:00'),
('a7b8c9d0-e1f2-3456-0123-789000000020', 'c3d4e5f6-a7b8-9012-cdef-345678900020', 'c3d4e5f6-a7b8-9012-cdef-345678900019', 'f6a7b8c9-d0e1-2345-f012-678900000010', 'Еду в офис', false, '2025-09-01 10:19:00');

-- Insert into Attachments (depends on Messages)
INSERT INTO public."Attachments" ("Attachment_ID", "Message_ID", "File_Name", "File_Type", "Size_in_Bytes", "URL")
VALUES
('b8c9d0e1-f2a3-4567-1234-890000000001', 'a7b8c9d0-e1f2-3456-0123-789000000007', 'report.pdf', 'application/pdf', 1048576, 'https://example.com/files/report.pdf'),
('b8c9d0e1-f2a3-4567-1234-890000000002', 'a7b8c9d0-e1f2-3456-0123-789000000013', 'data.xlsx', 'application/vnd.ms-excel', 524288, 'https://example.com/files/data.xlsx'),
('b8c9d0e1-f2a3-4567-1234-890000000003', 'a7b8c9d0-e1f2-3456-0123-789000000007', 'image.jpg', 'image/jpeg', 262144, 'https://example.com/files/image.jpg'),
('b8c9d0e1-f2a3-4567-1234-890000000004', 'a7b8c9d0-e1f2-3456-0123-789000000013', 'doc.docx', 'application/vnd.openxmlformats-officedocument.wordprocessingml.document', 786432, 'https://example.com/files/doc.docx'),
('b8c9d0e1-f2a3-4567-1234-890000000005', 'a7b8c9d0-e1f2-3456-0123-789000000007', 'presentation.pptx', 'application/vnd.ms-powerpoint', 2097152, 'https://example.com/files/presentation.pptx'),
('b8c9d0e1-f2a3-4567-1234-890000000006', 'a7b8c9d0-e1f2-3456-0123-789000000013', 'video.mp4', 'video/mp4', 4194304, 'https://example.com/files/video.mp4'),
('b8c9d0e1-f2a3-4567-1234-890000000007', 'a7b8c9d0-e1f2-3456-0123-789000000007', 'audio.mp3', 'audio/mpeg', 1048576, 'https://example.com/files/audio.mp3'),
('b8c9d0e1-f2a3-4567-1234-890000000008', 'a7b8c9d0-e1f2-3456-0123-789000000013', 'archive.zip', 'application/zip', 5242880, 'https://example.com/files/archive.zip'),
('b8c9d0e1-f2a3-4567-1234-890000000009', 'a7b8c9d0-e1f2-3456-0123-789000000007', 'text.txt', 'text/plain', 1024, 'https://example.com/files/text.txt'),
('b8c9d0e1-f2a3-4567-1234-890000000010', 'a7b8c9d0-e1f2-3456-0123-789000000013', 'code.py', 'text/x-python', 2048, 'https://example.com/files/code.py'),
('b8c9d0e1-f2a3-4567-1234-890000000011', 'a7b8c9d0-e1f2-3456-0123-789000000007', 'image2.jpg', 'image/jpeg', 262144, 'https://example.com/files/image2.jpg'),
('b8c9d0e1-f2a3-4567-1234-890000000012', 'a7b8c9d0-e1f2-3456-0123-789000000013', 'doc2.docx', 'application/vnd.openxmlformats-officedocument.wordprocessingml.document', 786432, 'https://example.com/files/doc2.docx'),
('b8c9d0e1-f2a3-4567-1234-890000000013', 'a7b8c9d0-e1f2-3456-0123-789000000007', 'report2.pdf', 'application/pdf', 1048576, 'https://example.com/files/report2.pdf'),
('b8c9d0e1-f2a3-4567-1234-890000000014', 'a7b8c9d0-e1f2-3456-0123-789000000013', 'data2.xlsx', 'application/vnd.ms-excel', 524288, 'https://example.com/files/data2.xlsx'),
('b8c9d0e1-f2a3-4567-1234-890000000015', 'a7b8c9d0-e1f2-3456-0123-789000000007', 'presentation2.pptx', 'application/vnd.ms-powerpoint', 2097152, 'https://example.com/files/presentation2.pptx'),
('b8c9d0e1-f2a3-4567-1234-890000000016', 'a7b8c9d0-e1f2-3456-0123-789000000013', 'video2.mp4', 'video/mp4', 4194304, 'https://example.com/files/video2.mp4'),
('b8c9d0e1-f2a3-4567-1234-890000000017', 'a7b8c9d0-e1f2-3456-0123-789000000007', 'audio2.mp3', 'audio/mpeg', 1048576, 'https://example.com/files/audio2.mp3'),
('b8c9d0e1-f2a3-4567-1234-890000000018', 'a7b8c9d0-e1f2-3456-0123-789000000013', 'archive2.zip', 'application/zip', 5242880, 'https://example.com/files/archive2.zip'),
('b8c9d0e1-f2a3-4567-1234-890000000019', 'a7b8c9d0-e1f2-3456-0123-789000000007', 'text2.txt', 'text/plain', 1024, 'https://example.com/files/text2.txt'),
('b8c9d0e1-f2a3-4567-1234-890000000020', 'a7b8c9d0-e1f2-3456-0123-789000000013', 'code2.py', 'text/x-python', 2048, 'https://example.com/files/code2.py');

-- Insert into Reactions (depends on Users and Messages)
INSERT INTO public."Reactions" ("Reaction_ID", "Message_ID", "User_ID", "Reaction_Type")
VALUES
('c9d0e1f2-a3b4-5678-2345-900000000001', 'a7b8c9d0-e1f2-3456-0123-789000000001', 'c3d4e5f6-a7b8-9012-cdef-345678900002', 'like'),
('c9d0e1f2-a3b4-5678-2345-900000000002', 'a7b8c9d0-e1f2-3456-0123-789000000002', 'c3d4e5f6-a7b8-9012-cdef-345678900001', 'smile'),
('c9d0e1f2-a3b4-5678-2345-900000000003', 'a7b8c9d0-e1f2-3456-0123-789000000003', 'c3d4e5f6-a7b8-9012-cdef-345678900004', 'like'),
('c9d0e1f2-a3b4-5678-2345-900000000004', 'a7b8c9d0-e1f2-3456-0123-789000000004', 'c3d4e5f6-a7b8-9012-cdef-345678900003', 'thumbs_up'),
('c9d0e1f2-a3b4-5678-2345-900000000005', 'a7b8c9d0-e1f2-3456-0123-789000000005', 'c3d4e5f6-a7b8-9012-cdef-345678900006', 'like'),
('c9d0e1f2-a3b4-5678-2345-900000000006', 'a7b8c9d0-e1f2-3456-0123-789000000006', 'c3d4e5f6-a7b8-9012-cdef-345678900005', 'smile'),
('c9d0e1f2-a3b4-5678-2345-900000000007', 'a7b8c9d0-e1f2-3456-0123-789000000007', 'c3d4e5f6-a7b8-9012-cdef-345678900008', 'like'),
('c9d0e1f2-a3b4-5678-2345-900000000008', 'a7b8c9d0-e1f2-3456-0123-789000000008', 'c3d4e5f6-a7b8-9012-cdef-345678900007', 'thumbs_up'),
('c9d0e1f2-a3b4-5678-2345-900000000009', 'a7b8c9d0-e1f2-3456-0123-789000000009', 'c3d4e5f6-a7b8-9012-cdef-345678900010', 'like');

-- Insert into Roles
INSERT INTO public."Roles" ("Role_ID", "Name", "Description")
VALUES
('r1a2b3c4-d5e6-f789-0abc-123456789001', 'Admin', 'Полный доступ к системе, включая управление пользователями и настройку'),
('r1a2b3c4-d5e6-f789-0abc-123456789002', 'User', 'Стандартный доступ пользователя к чату и основным функциям'),
('r1a2b3c4-d5e6-f789-0abc-123456789003', 'Moderator', 'Доступ к модерации чатов, удалению сообщений и управлению участниками');

-- Insert into UserRoles (assign roles to existing users)
-- Assign 'Admin' to the first user, 'Moderator' to the second, and 'User' to the rest
INSERT INTO public."UserRoles" ("User_ID", "Role_ID")
VALUES
('c3d4e5f6-a7b8-9012-cdef-345678900001', 'r1a2b3c4-d5e6-f789-0abc-123456789001'),  -- Admin
('c3d4e5f6-a7b8-9012-cdef-345678900002', 'r1a2b3c4-d5e6-f789-0abc-123456789003'),  -- Moderator
('c3d4e5f6-a7b8-9012-cdef-345678900003', 'r1a2b3c4-d5e6-f789-0abc-123456789002'),  -- User
('c3d4e5f6-a7b8-9012-cdef-345678900004', 'r1a2b3c4-d5e6-f789-0abc-123456789002'),
('c3d4e5f6-a7b8-9012-cdef-345678900005', 'r1a2b3c4-d5e6-f789-0abc-123456789002'),
('c3d4e5f6-a7b8-9012-cdef-345678900006', 'r1a2b3c4-d5e6-f789-0abc-123456789002'),
('c3d4e5f6-a7b8-9012-cdef-345678900007', 'r1a2b3c4-d5e6-f789-0abc-123456789002'),
('c3d4e5f6-a7b8-9012-cdef-345678900008', 'r1a2b3c4-d5e6-f789-0abc-123456789002'),
('c3d4e5f6-a7b8-9012-cdef-345678900009', 'r1a2b3c4-d5e6-f789-0abc-123456789002'),
('c3d4e5f6-a7b8-9012-cdef-345678900010', 'r1a2b3c4-d5e6-f789-0abc-123456789002'),
('c3d4e5f6-a7b8-9012-cdef-345678900011', 'r1a2b3c4-d5e6-f789-0abc-123456789002'),
('c3d4e5f6-a7b8-9012-cdef-345678900012', 'r1a2b3c4-d5e6-f789-0abc-123456789002'),
('c3d4e5f6-a7b8-9012-cdef-345678900013', 'r1a2b3c4-d5e6-f789-0abc-123456789002'),
('c3d4e5f6-a7b8-9012-cdef-345678900014', 'r1a2b3c4-d5e6-f789-0abc-123456789002'),
('c3d4e5f6-a7b8-9012-cdef-345678900015', 'r1a2b3c4-d5e6-f789-0abc-123456789002'),
('c3d4e5f6-a7b8-9012-cdef-345678900016', 'r1a2b3c4-d5e6-f789-0abc-123456789002'),
('c3d4e5f6-a7b8-9012-cdef-345678900017', 'r1a2b3c4-d5e6-f789-0abc-123456789002'),
('c3d4e5f6-a7b8-9012-cdef-345678900018', 'r1a2b3c4-d5e6-f789-0abc-123456789002'),
('c3d4e5f6-a7b8-9012-cdef-345678900019', 'r1a2b3c4-d5e6-f789-0abc-123456789002'),
('c3d4e5f6-a7b8-9012-cdef-345678900020', 'r1a2b3c4-d5e6-f789-0abc-123456789002');